{
  "name": "angular-aria",
  "version": "1.5.3",
  "license": "MIT",
  "main": "./angular-aria.js",
  "ignore": [],
  "dependencies": {
    "angular": "1.5.3"
  },
  "homepage": "https://github.com/angular/bower-angular-aria",
  "_release": "1.5.3",
  "_resolution": {
    "type": "version",
    "tag": "v1.5.3",
    "commit": "abf4d8da112ded8fd04d5366e57984a6f410396a"
  },
  "_source": "https://github.com/angular/bower-angular-aria.git",
  "_target": "^1.4.8",
  "_originalSource": "angular-aria"
}