{
  "name": "satellizer",
  "main": "satellizer.js",
  "homepage": "https://github.com/sahat/satellizer",
  "ignore": [
    ".gitignore",
    ".jshintrc",
    ".travis.yml",
    "bower_components",
    "node_modules",
    "karma.conf.js",
    "package.json",
    "gulpfile.js",
    "examples",
    "coverage",
    "test"
  ],
  "dependencies": {
    "angular": ">=1.3.x"
  },
  "version": "0.14.0",
  "_release": "0.14.0",
  "_resolution": {
    "type": "version",
    "tag": "0.14.0",
    "commit": "3377d09453136ce9dd5420dc9605ccb021be6e6c"
  },
  "_source": "https://github.com/sahat/satellizer.git",
  "_target": "^0.14.0",
  "_originalSource": "satellizer",
  "_direct": true
}